filepath,last_reviewed
review|/duplicate-check|/2025-05.html,2026-08-22T20:27:02
review|/duplicate-check|/2025-10.html,2026-08-22T20:27:02
review|/duplicate-check|/2025-11.html,2026-08-22T20:27:02
review|/duplicate-check|/2025-12.html,2026-08-22T20:27:02
review|/duplicate-check|/2020-12.html,2026-08-22T20:30:52
review|/duplicate-check|/2021-02.html,2026-08-22T20:30:52
review|/duplicate-check|/2021-07.html,2026-08-22T20:30:52
review|/duplicate-check|/2021-10.html,2026-08-22T20:30:52
review|/duplicate-check|/2021-11.html,2026-08-22T20:30:52
review|/duplicate-check|/2022-05.html,
review|/duplicate-check|/2022-06.html,2026-08-22T20:33:50
review|/duplicate-check|/2022-11.html,2026-08-22T20:33:50
review|/duplicate-check|/2022-12.html,2026-08-22T20:33:50
review|/duplicate-check|/2023-05.html,2026-08-22T20:35:38
review|/duplicate-check|/2023-06.html,2026-08-22T20:35:38
review|/duplicate-check|/2023-07.html,2026-08-22T20:35:38
review|/duplicate-check|/2023-09.html,2026-08-22T20:35:38
review|/duplicate-check|/2023-10.html,2026-08-22T20:35:38
review|/duplicate-check|/2023-12.html,2026-08-22T20:35:38
review|/duplicate-check|/2024-05.html,2026-08-22T20:36:09
review|/duplicate-check|/2024-12.html,2026-08-22T20:36:09
